{
  "suites": {
    "Regexp vs indexOf": {
      "tests": {
        "Regexp": 14607885.12379465,
        "indexOf": 21156358.696461327
      }
    }
  },
  "timestamp": 1424752862119
}