{
  "suites": {
    "Regexp vs indexOf": {
      "tests": {
        "Regexp": 5446502.217358012,
        "indexOf": 21296029.36462528
      }
    }
  },
  "timestamp": 1424837800174
}